[{"model": "auth.permission", "pk": 1, "fields": {"name": "Can add log entry", "content_type": 1, "codename": "add_logentry"}}, {"model": "auth.permission", "pk": 2, "fields": {"name": "Can change log entry", "content_type": 1, "codename": "change_logentry"}}, {"model": "auth.permission", "pk": 3, "fields": {"name": "Can delete log entry", "content_type": 1, "codename": "delete_logentry"}}, {"model": "auth.permission", "pk": 4, "fields": {"name": "Can view log entry", "content_type": 1, "codename": "view_logentry"}}, {"model": "auth.permission", "pk": 5, "fields": {"name": "Can add permission", "content_type": 2, "codename": "add_permission"}}, {"model": "auth.permission", "pk": 6, "fields": {"name": "Can change permission", "content_type": 2, "codename": "change_permission"}}, {"model": "auth.permission", "pk": 7, "fields": {"name": "Can delete permission", "content_type": 2, "codename": "delete_permission"}}, {"model": "auth.permission", "pk": 8, "fields": {"name": "Can view permission", "content_type": 2, "codename": "view_permission"}}, {"model": "auth.permission", "pk": 9, "fields": {"name": "Can add group", "content_type": 3, "codename": "add_group"}}, {"model": "auth.permission", "pk": 10, "fields": {"name": "Can change group", "content_type": 3, "codename": "change_group"}}, {"model": "auth.permission", "pk": 11, "fields": {"name": "Can delete group", "content_type": 3, "codename": "delete_group"}}, {"model": "auth.permission", "pk": 12, "fields": {"name": "Can view group", "content_type": 3, "codename": "view_group"}}, {"model": "auth.permission", "pk": 13, "fields": {"name": "Can add user", "content_type": 4, "codename": "add_user"}}, {"model": "auth.permission", "pk": 14, "fields": {"name": "Can change user", "content_type": 4, "codename": "change_user"}}, {"model": "auth.permission", "pk": 15, "fields": {"name": "Can delete user", "content_type": 4, "codename": "delete_user"}}, {"model": "auth.permission", "pk": 16, "fields": {"name": "Can view user", "content_type": 4, "codename": "view_user"}}, {"model": "auth.permission", "pk": 17, "fields": {"name": "Can add content type", "content_type": 5, "codename": "add_contenttype"}}, {"model": "auth.permission", "pk": 18, "fields": {"name": "Can change content type", "content_type": 5, "codename": "change_contenttype"}}, {"model": "auth.permission", "pk": 19, "fields": {"name": "Can delete content type", "content_type": 5, "codename": "delete_contenttype"}}, {"model": "auth.permission", "pk": 20, "fields": {"name": "Can view content type", "content_type": 5, "codename": "view_contenttype"}}, {"model": "auth.permission", "pk": 21, "fields": {"name": "Can add session", "content_type": 6, "codename": "add_session"}}, {"model": "auth.permission", "pk": 22, "fields": {"name": "Can change session", "content_type": 6, "codename": "change_session"}}, {"model": "auth.permission", "pk": 23, "fields": {"name": "Can delete session", "content_type": 6, "codename": "delete_session"}}, {"model": "auth.permission", "pk": 24, "fields": {"name": "Can view session", "content_type": 6, "codename": "view_session"}}, {"model": "auth.permission", "pk": 25, "fields": {"name": "Can add customer", "content_type": 7, "codename": "add_customer"}}, {"model": "auth.permission", "pk": 26, "fields": {"name": "Can change customer", "content_type": 7, "codename": "change_customer"}}, {"model": "auth.permission", "pk": 27, "fields": {"name": "Can delete customer", "content_type": 7, "codename": "delete_customer"}}, {"model": "auth.permission", "pk": 28, "fields": {"name": "Can view customer", "content_type": 7, "codename": "view_customer"}}, {"model": "auth.permission", "pk": 29, "fields": {"name": "Can add employees", "content_type": 8, "codename": "add_employees"}}, {"model": "auth.permission", "pk": 30, "fields": {"name": "Can change employees", "content_type": 8, "codename": "change_employees"}}, {"model": "auth.permission", "pk": 31, "fields": {"name": "Can delete employees", "content_type": 8, "codename": "delete_employees"}}, {"model": "auth.permission", "pk": 32, "fields": {"name": "Can view employees", "content_type": 8, "codename": "view_employees"}}, {"model": "auth.permission", "pk": 33, "fields": {"name": "Can add room_type", "content_type": 9, "codename": "add_room_type"}}, {"model": "auth.permission", "pk": 34, "fields": {"name": "Can change room_type", "content_type": 9, "codename": "change_room_type"}}, {"model": "auth.permission", "pk": 35, "fields": {"name": "Can delete room_type", "content_type": 9, "codename": "delete_room_type"}}, {"model": "auth.permission", "pk": 36, "fields": {"name": "Can view room_type", "content_type": 9, "codename": "view_room_type"}}, {"model": "auth.permission", "pk": 37, "fields": {"name": "Can add tax_rate", "content_type": 10, "codename": "add_tax_rate"}}, {"model": "auth.permission", "pk": 38, "fields": {"name": "Can change tax_rate", "content_type": 10, "codename": "change_tax_rate"}}, {"model": "auth.permission", "pk": 39, "fields": {"name": "Can delete tax_rate", "content_type": 10, "codename": "delete_tax_rate"}}, {"model": "auth.permission", "pk": 40, "fields": {"name": "Can view tax_rate", "content_type": 10, "codename": "view_tax_rate"}}, {"model": "auth.permission", "pk": 41, "fields": {"name": "Can add rooms", "content_type": 11, "codename": "add_rooms"}}, {"model": "auth.permission", "pk": 42, "fields": {"name": "Can change rooms", "content_type": 11, "codename": "change_rooms"}}, {"model": "auth.permission", "pk": 43, "fields": {"name": "Can delete rooms", "content_type": 11, "codename": "delete_rooms"}}, {"model": "auth.permission", "pk": 44, "fields": {"name": "Can view rooms", "content_type": 11, "codename": "view_rooms"}}, {"model": "auth.permission", "pk": 45, "fields": {"name": "Can add room_reviews", "content_type": 12, "codename": "add_room_reviews"}}, {"model": "auth.permission", "pk": 46, "fields": {"name": "Can change room_reviews", "content_type": 12, "codename": "change_room_reviews"}}, {"model": "auth.permission", "pk": 47, "fields": {"name": "Can delete room_reviews", "content_type": 12, "codename": "delete_room_reviews"}}, {"model": "auth.permission", "pk": 48, "fields": {"name": "Can view room_reviews", "content_type": 12, "codename": "view_room_reviews"}}, {"model": "auth.permission", "pk": 49, "fields": {"name": "Can add room_pricing", "content_type": 13, "codename": "add_room_pricing"}}, {"model": "auth.permission", "pk": 50, "fields": {"name": "Can change room_pricing", "content_type": 13, "codename": "change_room_pricing"}}, {"model": "auth.permission", "pk": 51, "fields": {"name": "Can delete room_pricing", "content_type": 13, "codename": "delete_room_pricing"}}, {"model": "auth.permission", "pk": 52, "fields": {"name": "Can view room_pricing", "content_type": 13, "codename": "view_room_pricing"}}, {"model": "auth.permission", "pk": 53, "fields": {"name": "Can add room_images", "content_type": 14, "codename": "add_room_images"}}, {"model": "auth.permission", "pk": 54, "fields": {"name": "Can change room_images", "content_type": 14, "codename": "change_room_images"}}, {"model": "auth.permission", "pk": 55, "fields": {"name": "Can delete room_images", "content_type": 14, "codename": "delete_room_images"}}, {"model": "auth.permission", "pk": 56, "fields": {"name": "Can view room_images", "content_type": 14, "codename": "view_room_images"}}, {"model": "auth.permission", "pk": 57, "fields": {"name": "Can add room_features", "content_type": 15, "codename": "add_room_features"}}, {"model": "auth.permission", "pk": 58, "fields": {"name": "Can change room_features", "content_type": 15, "codename": "change_room_features"}}, {"model": "auth.permission", "pk": 59, "fields": {"name": "Can delete room_features", "content_type": 15, "codename": "delete_room_features"}}, {"model": "auth.permission", "pk": 60, "fields": {"name": "Can view room_features", "content_type": 15, "codename": "view_room_features"}}, {"model": "auth.permission", "pk": 61, "fields": {"name": "Can add room_availability", "content_type": 16, "codename": "add_room_availability"}}, {"model": "auth.permission", "pk": 62, "fields": {"name": "Can change room_availability", "content_type": 16, "codename": "change_room_availability"}}, {"model": "auth.permission", "pk": 63, "fields": {"name": "Can delete room_availability", "content_type": 16, "codename": "delete_room_availability"}}, {"model": "auth.permission", "pk": 64, "fields": {"name": "Can view room_availability", "content_type": 16, "codename": "view_room_availability"}}, {"model": "auth.permission", "pk": 65, "fields": {"name": "Can add reservations", "content_type": 17, "codename": "add_reservations"}}, {"model": "auth.permission", "pk": 66, "fields": {"name": "Can change reservations", "content_type": 17, "codename": "change_reservations"}}, {"model": "auth.permission", "pk": 67, "fields": {"name": "Can delete reservations", "content_type": 17, "codename": "delete_reservations"}}, {"model": "auth.permission", "pk": 68, "fields": {"name": "Can view reservations", "content_type": 17, "codename": "view_reservations"}}, {"model": "auth.permission", "pk": 69, "fields": {"name": "Can add reports", "content_type": 18, "codename": "add_reports"}}, {"model": "auth.permission", "pk": 70, "fields": {"name": "Can change reports", "content_type": 18, "codename": "change_reports"}}, {"model": "auth.permission", "pk": 71, "fields": {"name": "Can delete reports", "content_type": 18, "codename": "delete_reports"}}, {"model": "auth.permission", "pk": 72, "fields": {"name": "Can view reports", "content_type": 18, "codename": "view_reports"}}, {"model": "auth.permission", "pk": 73, "fields": {"name": "Can add payments", "content_type": 19, "codename": "add_payments"}}, {"model": "auth.permission", "pk": 74, "fields": {"name": "Can change payments", "content_type": 19, "codename": "change_payments"}}, {"model": "auth.permission", "pk": 75, "fields": {"name": "Can delete payments", "content_type": 19, "codename": "delete_payments"}}, {"model": "auth.permission", "pk": 76, "fields": {"name": "Can view payments", "content_type": 19, "codename": "view_payments"}}, {"model": "auth.permission", "pk": 77, "fields": {"name": "Can add customer_ rating", "content_type": 20, "codename": "add_customer_rating"}}, {"model": "auth.permission", "pk": 78, "fields": {"name": "Can change customer_ rating", "content_type": 20, "codename": "change_customer_rating"}}, {"model": "auth.permission", "pk": 79, "fields": {"name": "Can delete customer_ rating", "content_type": 20, "codename": "delete_customer_rating"}}, {"model": "auth.permission", "pk": 80, "fields": {"name": "Can view customer_ rating", "content_type": 20, "codename": "view_customer_rating"}}, {"model": "auth.permission", "pk": 81, "fields": {"name": "Can add customer_personal_data", "content_type": 21, "codename": "add_customer_personal_data"}}, {"model": "auth.permission", "pk": 82, "fields": {"name": "Can change customer_personal_data", "content_type": 21, "codename": "change_customer_personal_data"}}, {"model": "auth.permission", "pk": 83, "fields": {"name": "Can delete customer_personal_data", "content_type": 21, "codename": "delete_customer_personal_data"}}, {"model": "auth.permission", "pk": 84, "fields": {"name": "Can view customer_personal_data", "content_type": 21, "codename": "view_customer_personal_data"}}, {"model": "auth.user", "pk": 1, "fields": {"password": "pbkdf2_sha256$260000$xjNO72RxfEjJyl86EIzqql$wf8bHB1xeF6UjvFNmtKpvuU4GaH9FQ2HoLCqnDvgfRI=", "last_login": "2024-04-28T14:09:55.576Z", "is_superuser": true, "username": "vsr", "first_name": "", "last_name": "", "email": "1231@12.com", "is_staff": true, "is_active": true, "date_joined": "2024-04-28T14:09:05.062Z", "groups": [], "user_permissions": []}}, {"model": "contenttypes.contenttype", "pk": 1, "fields": {"app_label": "admin", "model": "logentry"}}, {"model": "contenttypes.contenttype", "pk": 2, "fields": {"app_label": "auth", "model": "permission"}}, {"model": "contenttypes.contenttype", "pk": 3, "fields": {"app_label": "auth", "model": "group"}}, {"model": "contenttypes.contenttype", "pk": 4, "fields": {"app_label": "auth", "model": "user"}}, {"model": "contenttypes.contenttype", "pk": 5, "fields": {"app_label": "contenttypes", "model": "contenttype"}}, {"model": "contenttypes.contenttype", "pk": 6, "fields": {"app_label": "sessions", "model": "session"}}, {"model": "contenttypes.contenttype", "pk": 7, "fields": {"app_label": "app", "model": "customer"}}, {"model": "contenttypes.contenttype", "pk": 8, "fields": {"app_label": "app", "model": "employees"}}, {"model": "contenttypes.contenttype", "pk": 9, "fields": {"app_label": "app", "model": "room_type"}}, {"model": "contenttypes.contenttype", "pk": 10, "fields": {"app_label": "app", "model": "tax_rate"}}, {"model": "contenttypes.contenttype", "pk": 11, "fields": {"app_label": "app", "model": "rooms"}}, {"model": "contenttypes.contenttype", "pk": 12, "fields": {"app_label": "app", "model": "room_reviews"}}, {"model": "contenttypes.contenttype", "pk": 13, "fields": {"app_label": "app", "model": "room_pricing"}}, {"model": "contenttypes.contenttype", "pk": 14, "fields": {"app_label": "app", "model": "room_images"}}, {"model": "contenttypes.contenttype", "pk": 15, "fields": {"app_label": "app", "model": "room_features"}}, {"model": "contenttypes.contenttype", "pk": 16, "fields": {"app_label": "app", "model": "room_availability"}}, {"model": "contenttypes.contenttype", "pk": 17, "fields": {"app_label": "app", "model": "reservations"}}, {"model": "contenttypes.contenttype", "pk": 18, "fields": {"app_label": "app", "model": "reports"}}, {"model": "contenttypes.contenttype", "pk": 19, "fields": {"app_label": "app", "model": "payments"}}, {"model": "contenttypes.contenttype", "pk": 20, "fields": {"app_label": "app", "model": "customer_rating"}}, {"model": "contenttypes.contenttype", "pk": 21, "fields": {"app_label": "app", "model": "customer_personal_data"}}, {"model": "app.tax_rate", "pk": 1, "fields": {"tax_name": "basic", "tax_percent": 3}}, {"model": "app.room_type", "pk": 1, "fields": {"type": "king", "area": 300, "price": 300.0, "tax_name": 1}}, {"model": "app.room_type", "pk": 2, "fields": {"type": "queen", "area": 100, "price": 100.0, "tax_name": 1}}, {"model": "app.room_type", "pk": 3, "fields": {"type": "Single", "area": 50, "price": 70.0, "tax_name": 1}}, {"model": "app.room_type", "pk": 4, "fields": {"type": "suite", "area": 200, "price": 250.0, "tax_name": 1}}, {"model": "app.room_pricing", "pk": 1, "fields": {"room_type": 1, "price": 300}}, {"model": "app.room_pricing", "pk": 2, "fields": {"room_type": 2, "price": 100}}, {"model": "app.room_pricing", "pk": 3, "fields": {"room_type": 3, "price": 70}}, {"model": "app.room_pricing", "pk": 4, "fields": {"room_type": 4, "price": 250}}, {"model": "app.room_features", "pk": 1, "fields": {"room_type": 1, "standard": "high", "feature": "room size:300sft\r\n1Gbps wifi speed\r\nTv Availabiltity", "updated_on": "2024-04-28T14:16:59.839Z"}}, {"model": "app.room_features", "pk": 2, "fields": {"room_type": 2, "standard": "high", "feature": "Room Size:100sft\r\n1Gbps Wifi Speed", "updated_on": "2024-04-28T14:17:18.508Z"}}, {"model": "app.room_features", "pk": 3, "fields": {"room_type": 3, "standard": "high", "feature": "Room Size:50sft\r\n100Mbps Wifi Speed", "updated_on": "2024-04-28T14:17:36.830Z"}}, {"model": "app.room_features", "pk": 4, "fields": {"room_type": 4, "standard": "high", "feature": "Room Size:200sft\r\n1Gbps Wifi Speed\r\nTv Availabiltity\r\nFree beverages", "updated_on": "2024-04-28T14:17:58.492Z"}}, {"model": "app.rooms", "pk": 101, "fields": {"room_type": 1, "price": 300}}, {"model": "app.rooms", "pk": 102, "fields": {"room_type": 1, "price": 300}}, {"model": "app.rooms", "pk": 103, "fields": {"room_type": 1, "price": 300}}, {"model": "app.rooms", "pk": 104, "fields": {"room_type": 1, "price": 300}}, {"model": "app.rooms", "pk": 105, "fields": {"room_type": 1, "price": 300}}, {"model": "app.rooms", "pk": 106, "fields": {"room_type": 1, "price": 300}}, {"model": "app.rooms", "pk": 107, "fields": {"room_type": 1, "price": 300}}, {"model": "app.rooms", "pk": 201, "fields": {"room_type": 2, "price": 100}}, {"model": "app.rooms", "pk": 202, "fields": {"room_type": 2, "price": 100}}, {"model": "app.rooms", "pk": 203, "fields": {"room_type": 2, "price": 100}}, {"model": "app.rooms", "pk": 204, "fields": {"room_type": 2, "price": 100}}, {"model": "app.rooms", "pk": 205, "fields": {"room_type": 2, "price": 100}}, {"model": "app.rooms", "pk": 206, "fields": {"room_type": 2, "price": 100}}, {"model": "app.rooms", "pk": 207, "fields": {"room_type": 1, "price": 300}}, {"model": "app.rooms", "pk": 208, "fields": {"room_type": 2, "price": 100}}, {"model": "app.rooms", "pk": 209, "fields": {"room_type": 2, "price": 100}}, {"model": "app.rooms", "pk": 210, "fields": {"room_type": 2, "price": 100}}, {"model": "app.rooms", "pk": 301, "fields": {"room_type": 3, "price": 70}}, {"model": "app.rooms", "pk": 302, "fields": {"room_type": 3, "price": 70}}, {"model": "app.rooms", "pk": 303, "fields": {"room_type": 3, "price": 70}}, {"model": "app.rooms", "pk": 304, "fields": {"room_type": 3, "price": 70}}, {"model": "app.rooms", "pk": 305, "fields": {"room_type": 3, "price": 70}}, {"model": "app.rooms", "pk": 306, "fields": {"room_type": 3, "price": 70}}, {"model": "app.rooms", "pk": 307, "fields": {"room_type": 3, "price": 70}}, {"model": "app.rooms", "pk": 308, "fields": {"room_type": 3, "price": 70}}, {"model": "app.rooms", "pk": 309, "fields": {"room_type": 3, "price": 70}}, {"model": "app.rooms", "pk": 310, "fields": {"room_type": 3, "price": 70}}, {"model": "app.rooms", "pk": 311, "fields": {"room_type": 3, "price": 70}}, {"model": "app.rooms", "pk": 312, "fields": {"room_type": 3, "price": 70}}, {"model": "app.rooms", "pk": 401, "fields": {"room_type": 4, "price": 250}}, {"model": "app.rooms", "pk": 402, "fields": {"room_type": 4, "price": 250}}, {"model": "app.rooms", "pk": 403, "fields": {"room_type": 4, "price": 250}}, {"model": "app.rooms", "pk": 404, "fields": {"room_type": 4, "price": 250}}, {"model": "app.rooms", "pk": 405, "fields": {"room_type": 4, "price": 250}}, {"model": "app.room_images", "pk": 1, "fields": {"room_type": 1, "image": "king.jpeg"}}, {"model": "app.room_images", "pk": 2, "fields": {"room_type": 1, "image": "king_lwdy137.jpeg"}}, {"model": "app.room_images", "pk": 3, "fields": {"room_type": 2, "image": "queen.jpeg"}}, {"model": "app.room_images", "pk": 4, "fields": {"room_type": 2, "image": "queen_MMeCbI2.jpeg"}}, {"model": "app.room_images", "pk": 5, "fields": {"room_type": 4, "image": "suite.webp"}}, {"model": "app.room_images", "pk": 6, "fields": {"room_type": 4, "image": "suite.jpeg"}}, {"model": "app.customer", "pk": 1, "fields": {"name": "omni", "contact_no": 19817871, "address": "Dallas"}}, {"model": "app.customer", "pk": 2, "fields": {"name": "AFtar", "contact_no": 1939813, "address": "Dallas"}}, {"model": "app.customer", "pk": 3, "fields": {"name": "base", "contact_no": 192381, "address": "Dallas"}}, {"model": "app.customer", "pk": 4, "fields": {"name": "vsr", "contact_no": 1234132, "address": "Dallas"}}, {"model": "app.customer", "pk": 5, "fields": {"name": "CostSimulator", "contact_no": 1234132123, "address": "dfad"}}, {"model": "app.customer", "pk": 6, "fields": {"name": "", "contact_no": 1234132, "address": "Dallas"}}, {"model": "app.customer", "pk": 7, "fields": {"name": "omni", "contact_no": 134123, "address": "basix"}}, {"model": "app.customer", "pk": 8, "fields": {"name": "rafq", "contact_no": 34123123, "address": "Dallas"}}, {"model": "app.customer", "pk": 9, "fields": {"name": "base", "contact_no": 193241234, "address": "Dallas"}}, {"model": "app.customer", "pk": 10, "fields": {"name": "vsr", "contact_no": 431234123, "address": "Dallas"}}, {"model": "app.customer", "pk": 11, "fields": {"name": "bafar", "contact_no": 1503197, "address": "Dallas"}}, {"model": "app.customer", "pk": 12, "fields": {"name": "omni", "contact_no": 413241, "address": "Dallas"}}, {"model": "app.customer", "pk": 13, "fields": {"name": "rafta", "contact_no": 193241234, "address": "Dallas"}}, {"model": "app.customer", "pk": 14, "fields": {"name": "base", "contact_no": 193241234, "address": "India"}}, {"model": "app.customer", "pk": 15, "fields": {"name": "Needa", "contact_no": 1903123, "address": "Dallas"}}, {"model": "app.customer", "pk": 16, "fields": {"name": "befa", "contact_no": 193241234, "address": "Irving"}}, {"model": "app.customer", "pk": 17, "fields": {"name": "afthar", "contact_no": 193241234, "address": "test"}}, {"model": "app.customer", "pk": 18, "fields": {"name": "ifkath", "contact_no": 193241234, "address": "lewiville"}}, {"model": "app.reservations", "pk": 1, "fields": {"room": 101, "reserved_for": 1, "date": "2024-04-28", "check_in_date": "2024-04-28", "payment_status": false, "check_out_date": "2024-04-30", "reserved_by": null}}, {"model": "app.reservations", "pk": 2, "fields": {"room": 102, "reserved_for": 2, "date": "2024-04-28", "check_in_date": "2024-04-28", "payment_status": false, "check_out_date": "2024-04-30", "reserved_by": null}}, {"model": "app.reservations", "pk": 3, "fields": {"room": 103, "reserved_for": 3, "date": "2024-04-28", "check_in_date": "2024-04-28", "payment_status": false, "check_out_date": "2024-05-01", "reserved_by": null}}, {"model": "app.reservations", "pk": 4, "fields": {"room": 104, "reserved_for": 4, "date": "2024-04-28", "check_in_date": "2024-04-28", "payment_status": false, "check_out_date": "2024-05-02", "reserved_by": null}}, {"model": "app.reservations", "pk": 5, "fields": {"room": 301, "reserved_for": 5, "date": "2024-04-28", "check_in_date": "2024-04-28", "payment_status": false, "check_out_date": "2024-05-03", "reserved_by": null}}, {"model": "app.reservations", "pk": 6, "fields": {"room": 402, "reserved_for": 6, "date": "2024-04-28", "check_in_date": "2024-04-28", "payment_status": false, "check_out_date": "2024-05-02", "reserved_by": null}}, {"model": "app.customer_rating", "pk": 1, "fields": {"customer": 12, "rating": 5}}, {"model": "app.customer_rating", "pk": 2, "fields": {"customer": 13, "rating": 4}}, {"model": "app.customer_rating", "pk": 3, "fields": {"customer": 14, "rating": 4}}, {"model": "app.customer_rating", "pk": 4, "fields": {"customer": 15, "rating": 1}}, {"model": "app.customer_rating", "pk": 5, "fields": {"customer": 16, "rating": 2}}, {"model": "app.customer_rating", "pk": 6, "fields": {"customer": 17, "rating": 2}}, {"model": "app.customer_rating", "pk": 7, "fields": {"customer": 18, "rating": 3}}, {"model": "app.room_reviews", "pk": 1, "fields": {"room": 101, "customer": 7, "review": "good"}}, {"model": "app.room_reviews", "pk": 2, "fields": {"room": 101, "customer": 8, "review": "average"}}, {"model": "app.room_reviews", "pk": 3, "fields": {"room": 101, "customer": 9, "review": "need improvement"}}, {"model": "app.room_reviews", "pk": 4, "fields": {"room": 101, "customer": 10, "review": "very authentic"}}, {"model": "app.room_reviews", "pk": 5, "fields": {"room": 101, "customer": 11, "review": "very pleasant"}}]